Household_ID,Household_Composition,Household_Size,Number_of_kids,Marriage,Home_ownership,Household_head_Age,Income_range
2124,2,4,2,Yes,Homeowner,2,5
483,3,1,4,Unknown,Unknown,4,4
1305,5,2,1,No,Renter,1,1
806,1,2,4,Yes,Homeowner,3,6
2084,1,2,4,Yes,Homeowner,5,8
1788,1,2,4,Yes,Homeowner,3,6
283,1,2,4,Yes,Homeowner,2,5
2360,6,1,4,No,Homeowner,2,5
1748,4,1,4,Unknown,Unknown,4,4
706,1,2,4,No,Homeowner,4,5
1894,1,2,4,Yes,Homeowner,3,7
534,4,1,4,Unknown,Unknown,4,4
417,3,2,4,Yes,Unknown,4,4
391,3,1,4,No,Unknown,6,3
13,2,4,2,Unknown,Homeowner,2,6
1423,4,1,4,Unknown,Unknown,4,2
1680,2,3,1,Yes,Homeowner,2,2
1167,2,4,2,Unknown,Homeowner,3,5
1094,2,5+,3,Yes,Homeowner,4,6
1861,2,4,2,Unknown,Homeowner,2,2
1965,2,3,1,Yes,Homeowner,2,5
1451,5,5+,3,Yes,Homeowner,4,8
983,2,3,1,Yes,Homeowner,4,4
660,6,2,4,Yes,Homeowner,5,5
214,1,2,4,No,Homeowner,5,1
2087,6,1,4,No,Homeowner,4,7
1453,2,3,1,Yes,Homeowner,4,8
443,1,2,4,Yes,Homeowner,4,3
1765,4,1,4,Unknown,Unknown,4,4
2447,1,2,4,Yes,Homeowner,3,3
2328,1,2,4,Unknown,Homeowner,4,12
1580,1,2,4,No,Unknown,1,5
442,5,2,1,Unknown,Unknown,2,2
489,3,1,4,Unknown,Unknown,5,9
2279,1,2,4,Unknown,Unknown,2,5
608,5,5+,3,No,Renter,2,3
1300,2,4,2,Yes,Homeowner,4,5
1694,3,1,4,Unknown,Probable Renter,3,2
441,3,1,4,No,Homeowner,4,5
1995,5,3,2,No,Unknown,2,3
661,6,1,4,Unknown,Homeowner,4,5
1154,6,2,4,Yes,Homeowner,4,4
816,3,1,4,Unknown,Unknown,2,5
1695,4,1,4,Unknown,Homeowner,3,3
1226,5,3,2,No,Homeowner,2,4
2449,2,5+,3,Yes,Homeowner,3,10
597,5,2,1,Unknown,Unknown,1,1
1802,1,2,4,Unknown,Homeowner,4,9
378,3,2,4,Yes,Homeowner,5,5
1491,1,2,4,Unknown,Homeowner,6,4
779,2,3,1,Unknown,Homeowner,6,8
2092,5,3,1,Yes,Homeowner,3,1
220,1,2,4,Yes,Homeowner,4,4
222,1,2,4,Yes,Unknown,3,4
768,3,2,4,Yes,Renter,3,5
127,3,1,4,Unknown,Unknown,4,3
2050,2,5+,3,Yes,Homeowner,3,3
997,4,1,4,Unknown,Homeowner,4,6
1935,1,2,4,Yes,Homeowner,5,9
123,1,2,4,No,Homeowner,4,4
1070,1,2,4,Unknown,Homeowner,3,5
569,2,3,1,Yes,Homeowner,3,12
1678,3,1,4,Unknown,Unknown,4,6
242,2,5+,3,Yes,Homeowner,4,6
680,6,1,4,Unknown,Homeowner,4,5
1779,1,2,4,Yes,Homeowner,6,6
513,1,2,4,Unknown,Homeowner,4,6
2198,3,1,4,No,Unknown,3,3
996,1,2,4,Yes,Homeowner,5,3
1316,1,2,4,Unknown,Unknown,5,4
71,3,2,4,Yes,Homeowner,3,3
2411,1,2,4,Yes,Homeowner,6,1
484,1,2,4,Unknown,Unknown,2,2
113,2,4,2,Yes,Homeowner,3,8
1796,3,1,4,Unknown,Unknown,1,4
201,2,5+,3,Yes,Homeowner,4,2
58,2,4,2,Yes,Homeowner,2,9
1686,1,2,4,Unknown,Homeowner,4,2
543,5,3,1,Yes,Probable Owner,3,4
598,3,1,4,No,Unknown,3,3
2231,1,2,4,Yes,Homeowner,3,11
883,1,2,4,Yes,Homeowner,3,4
2172,1,2,4,Yes,Homeowner,2,7
1892,2,3,1,Yes,Homeowner,3,4
695,5,3,2,No,Unknown,3,4
1696,2,3,1,Yes,Homeowner,4,5
2011,4,1,4,Unknown,Homeowner,4,6
1946,4,1,4,Unknown,Unknown,2,6
1557,5,4,2,Yes,Renter,2,7
2367,1,2,4,Unknown,Unknown,4,1
2347,1,2,4,Unknown,Unknown,4,4
22,1,2,4,Yes,Homeowner,4,6
527,3,1,4,Unknown,Homeowner,4,5
1604,1,2,4,Unknown,Probable Owner,3,4
2209,2,5+,3,Yes,Renter,2,4
2185,2,4,2,Unknown,Homeowner,2,8
1257,2,3,1,Unknown,Homeowner,4,5
1454,1,2,4,Yes,Homeowner,6,6
1485,4,1,4,Unknown,Homeowner,3,5
1920,1,2,4,Yes,Homeowner,5,5
219,1,2,4,Yes,Homeowner,5,9
77,2,5+,3,Yes,Homeowner,3,7
825,1,2,4,Yes,Homeowner,4,10
785,1,2,4,Yes,Homeowner,6,6
1418,2,3,1,Yes,Homeowner,2,4
1296,3,2,4,Yes,Homeowner,6,3
249,6,3,1,Yes,Renter,3,1
546,1,2,4,Unknown,Unknown,4,5
553,1,2,4,Unknown,Homeowner,4,6
2107,2,5+,3,Yes,Homeowner,3,6
2282,3,1,4,No,Homeowner,5,10
2421,2,5+,3,Yes,Homeowner,4,9
752,3,2,4,Yes,Renter,3,6
136,6,1,4,Unknown,Unknown,4,5
1376,6,1,4,Unknown,Homeowner,5,5
1060,1,2,4,No,Renter,3,4
1865,6,1,4,Unknown,Homeowner,4,5
2264,1,2,4,Yes,Homeowner,4,12
74,1,2,4,Yes,Homeowner,6,2
1944,2,4,2,Unknown,Homeowner,2,8
523,4,1,4,No,Homeowner,6,4
101,2,4,2,Yes,Homeowner,4,1
1822,1,2,4,Unknown,Unknown,5,4
1541,6,1,4,Unknown,Unknown,3,5
2111,1,2,4,Unknown,Homeowner,4,6
1393,3,1,4,No,Homeowner,3,9
1540,2,4,2,Unknown,Unknown,4,2
982,2,4,2,Unknown,Unknown,4,4
1585,3,1,4,No,Homeowner,4,9
117,1,2,4,No,Probable Owner,6,4
383,6,1,4,Unknown,Homeowner,4,5
351,6,1,4,Unknown,Unknown,4,5
2023,2,3,1,Unknown,Homeowner,4,4
2380,6,1,4,Unknown,Homeowner,4,5
1084,2,3,1,Unknown,Unknown,2,4
1031,1,2,4,Yes,Homeowner,3,6
518,1,2,4,Yes,Homeowner,4,6
1618,3,2,4,Yes,Homeowner,3,6
361,6,1,4,Unknown,Unknown,4,5
109,3,2,4,Yes,Homeowner,2,2
1318,1,2,4,Yes,Homeowner,6,5
1707,3,1,4,No,Unknown,3,3
732,2,4,2,Yes,Homeowner,5,6
1815,1,2,4,Unknown,Unknown,4,3
1483,6,1,4,Unknown,Unknown,1,1
762,3,2,4,Yes,Renter,3,8
170,2,4,2,Yes,Homeowner,2,7
2483,4,1,4,No,Homeowner,4,6
722,1,2,4,Yes,Homeowner,3,5
263,1,2,4,Unknown,Unknown,4,4
1529,4,1,4,Unknown,Unknown,4,5
1163,6,1,4,Unknown,Unknown,3,1
771,6,1,4,Unknown,Homeowner,4,5
1120,2,4,2,No,Renter,3,1
2406,2,3,1,Yes,Homeowner,2,8
712,1,2,4,Yes,Homeowner,6,5
906,3,2,4,Yes,Homeowner,5,1
1462,1,2,4,Yes,Renter,2,5
866,5,2,1,Unknown,Unknown,4,2
1103,2,3,1,Yes,Homeowner,3,5
248,2,4,2,Yes,Homeowner,3,8
1057,4,1,4,Unknown,Unknown,3,5
56,2,4,2,Yes,Homeowner,5,7
790,6,1,4,Unknown,Homeowner,4,5
1726,3,1,4,Unknown,Homeowner,5,6
2053,1,2,4,Yes,Homeowner,4,2
46,2,5+,3,Yes,Homeowner,4,9
209,2,3,1,Unknown,Homeowner,4,3
1494,3,1,4,No,Unknown,6,3
1997,4,1,4,Unknown,Unknown,2,5
301,2,4,2,Yes,Homeowner,3,4
2130,3,1,4,No,Homeowner,2,5
193,1,2,4,Yes,Homeowner,4,6
358,1,2,4,Unknown,Homeowner,3,5
895,4,1,4,Unknown,Unknown,4,9
232,1,2,4,Unknown,Unknown,3,4
1948,3,1,4,Unknown,Homeowner,3,5
2314,1,2,4,Yes,Homeowner,4,8
1850,3,2,4,Yes,Homeowner,6,6
2069,3,1,4,Unknown,Unknown,3,2
2017,1,2,4,Yes,Homeowner,4,6
1470,3,1,4,Unknown,Unknown,4,4
1443,1,2,4,Unknown,Unknown,3,9
451,1,2,4,No,Renter,2,1
1858,3,1,4,No,Homeowner,2,9
149,1,2,4,Unknown,Homeowner,4,4
1021,2,5+,3,Yes,Homeowner,3,5
586,2,3,1,Yes,Renter,1,4
1563,6,3,1,Yes,Homeowner,4,6
1831,4,1,4,Unknown,Homeowner,5,6
469,3,1,4,Unknown,Probable Owner,4,6
1370,1,2,4,Unknown,Homeowner,6,3
2407,1,2,4,Yes,Homeowner,4,7
2453,3,1,4,No,Homeowner,4,5
410,2,5+,3,Yes,Homeowner,5,4
2479,1,2,4,Unknown,Homeowner,2,9
1467,2,4,2,Yes,Probable Owner,3,5
716,2,5+,3,Yes,Homeowner,4,6
2203,1,2,4,Yes,Homeowner,4,5
808,2,3,1,Unknown,Homeowner,4,6
1040,4,1,4,No,Unknown,2,7
1247,1,2,4,Yes,Homeowner,3,4
542,3,1,4,Unknown,Unknown,2,4
2448,1,2,4,Yes,Homeowner,4,5
1363,5,2,1,Unknown,Unknown,2,2
49,1,2,4,Yes,Homeowner,3,4
1437,5,3,1,Yes,Homeowner,2,2
1873,4,1,4,Unknown,Unknown,3,2
1804,1,2,4,Yes,Homeowner,6,4
2140,1,2,4,Yes,Homeowner,6,2
692,3,1,4,Unknown,Homeowner,6,4
253,3,1,4,Unknown,Unknown,4,1
2173,1,2,4,Unknown,Unknown,2,4
1024,2,4,2,Yes,Homeowner,2,1
2272,1,2,4,Yes,Homeowner,6,3
1528,3,1,4,No,Unknown,3,8
371,2,3,1,Yes,Homeowner,3,6
960,2,5+,3,Yes,Homeowner,3,8
1591,3,1,4,Unknown,Unknown,2,3
731,1,2,4,Unknown,Homeowner,4,4
329,3,1,4,Unknown,Unknown,2,6
395,4,1,4,Unknown,Unknown,3,3
104,2,5+,3,Yes,Homeowner,3,4
324,3,1,4,Unknown,Unknown,4,5
2488,3,1,4,No,Homeowner,4,4
803,1,2,4,Unknown,Unknown,2,6
693,1,2,4,Unknown,Unknown,4,2
761,5,5+,3,Yes,Homeowner,2,8
956,1,2,4,Unknown,Homeowner,4,5
264,1,2,4,Unknown,Homeowner,4,6
19,3,1,4,No,Unknown,3,2
490,2,5+,3,Yes,Homeowner,3,6
1382,1,2,4,Unknown,Homeowner,4,5
576,4,2,4,Yes,Homeowner,5,4
438,1,2,4,Yes,Probable Owner,3,5
1421,1,2,4,Yes,Homeowner,3,5
840,2,5+,3,Yes,Homeowner,3,6
1333,2,4,2,Unknown,Homeowner,4,8
2057,1,2,4,Yes,Homeowner,3,4
428,1,2,4,Unknown,Probable Owner,1,5
2068,3,2,4,Yes,Homeowner,5,5
871,2,3,1,Yes,Homeowner,3,11
865,2,5+,3,Yes,Homeowner,3,6
981,3,2,4,Yes,Homeowner,4,3
2063,1,2,4,Yes,Homeowner,5,6
400,2,3,1,Yes,Homeowner,3,9
1953,6,1,4,Unknown,Homeowner,4,5
1397,3,1,4,No,Renter,4,4
1627,4,1,4,Unknown,Unknown,2,4
2121,1,2,4,No,Homeowner,5,4
914,1,2,4,No,Homeowner,4,2
2082,2,3,1,Yes,Homeowner,4,1
1396,1,2,4,Yes,Homeowner,6,8
404,6,2,4,Yes,Unknown,2,3
2296,1,2,4,Unknown,Homeowner,3,8
567,4,1,4,Unknown,Unknown,1,3
2162,6,1,4,Unknown,Homeowner,4,6
1939,1,2,4,Yes,Homeowner,3,5
300,3,2,4,Yes,Unknown,5,1
976,2,5+,3,Yes,Homeowner,2,11
605,2,4,2,Yes,Homeowner,2,6
464,1,2,4,Yes,Homeowner,6,5
218,1,2,4,Yes,Homeowner,4,2
1634,2,5+,3,Yes,Homeowner,2,4
682,1,2,4,Yes,Homeowner,6,8
2002,3,1,4,Unknown,Homeowner,3,4
979,5,2,1,No,Homeowner,3,4
1980,3,2,4,Yes,Homeowner,5,5
2331,2,5+,3,Yes,Homeowner,3,4
458,3,2,4,Yes,Homeowner,5,4
1042,1,2,4,Unknown,Homeowner,2,6
2334,6,1,4,Unknown,Homeowner,3,5
699,1,2,4,Yes,Homeowner,4,5
755,6,1,4,Unknown,Homeowner,3,5
2341,6,1,4,Unknown,Homeowner,4,5
878,5,3,2,Unknown,Unknown,2,4
1352,1,2,4,Unknown,Homeowner,3,6
1926,1,2,4,Unknown,Homeowner,2,4
845,3,1,4,No,Homeowner,1,5
80,1,2,4,Unknown,Homeowner,4,5
1158,1,2,4,Unknown,Homeowner,4,2
2116,2,5+,3,Yes,Homeowner,3,6
257,5,3,2,Unknown,Unknown,2,3
2115,2,5+,3,Yes,Homeowner,3,9
2217,3,1,4,No,Unknown,3,2
1261,3,2,4,Yes,Homeowner,4,3
362,4,1,4,Unknown,Unknown,6,5
932,1,2,4,Unknown,Unknown,1,2
2156,1,2,4,Yes,Homeowner,4,5
321,1,2,4,Yes,Homeowner,4,7
1297,6,1,4,Unknown,Homeowner,3,6
131,1,2,4,Unknown,Unknown,4,5
621,4,1,4,Unknown,Unknown,4,4
1907,4,1,4,No,Unknown,2,5
857,5,3,1,Yes,Homeowner,6,4
409,1,2,4,No,Homeowner,1,3
1844,1,2,4,Yes,Homeowner,4,12
946,3,1,4,Unknown,Unknown,1,1
1710,4,2,4,Yes,Homeowner,3,9
1130,2,3,1,Unknown,Renter,5,3
1864,5,5+,3,Unknown,Homeowner,4,8
27,3,1,4,Unknown,Probable Renter,4,3
971,2,3,1,Yes,Homeowner,2,4
282,3,1,4,Unknown,Unknown,4,4
1975,4,1,4,No,Renter,3,6
1082,4,1,4,Unknown,Unknown,4,4
2497,4,1,4,Unknown,Unknown,4,4
492,1,2,4,Unknown,Homeowner,4,5
644,1,2,4,Yes,Homeowner,6,6
1228,3,1,4,Unknown,Unknown,4,7
2200,4,1,4,Unknown,Unknown,4,1
2499,2,3,1,Unknown,Unknown,2,1
1137,4,1,4,No,Homeowner,6,4
2183,1,2,4,Yes,Homeowner,6,3
2397,1,2,4,No,Unknown,6,8
1492,1,2,4,Yes,Homeowner,6,2
1337,2,4,2,Unknown,Homeowner,4,5
2188,1,2,4,No,Homeowner,6,4
1452,2,3,1,Yes,Unknown,4,3
1076,1,2,4,No,Homeowner,2,4
733,1,2,4,Yes,Homeowner,4,6
78,4,1,4,Unknown,Unknown,5,3
2158,3,1,4,No,Probable Renter,2,5
1869,1,2,4,Yes,Renter,1,4
426,1,2,4,Unknown,Homeowner,4,5
294,2,4,2,Yes,Homeowner,2,5
1677,1,2,4,Yes,Homeowner,4,6
178,5,5+,3,Yes,Homeowner,2,3
1812,3,1,4,Unknown,Unknown,4,5
2260,3,1,4,Unknown,Homeowner,4,3
740,3,2,4,Yes,Homeowner,4,10
2112,2,5+,3,Yes,Homeowner,4,4
2437,2,5+,3,Yes,Homeowner,3,8
920,2,5+,3,Yes,Homeowner,4,4
434,2,3,1,Yes,Homeowner,3,2
2040,4,1,4,Unknown,Homeowner,2,3
16,3,1,4,No,Homeowner,4,5
52,1,2,4,No,Homeowner,4,5
1537,2,3,1,Yes,Renter,1,4
110,3,1,4,Unknown,Homeowner,2,4
1014,2,4,2,Yes,Unknown,4,2
1989,3,1,4,Unknown,Homeowner,6,2
1572,1,2,4,Yes,Homeowner,3,6
2498,1,2,4,Unknown,Homeowner,2,5
2102,1,2,4,Yes,Homeowner,5,10
2224,4,1,4,No,Homeowner,1,12
139,4,1,4,No,Homeowner,3,6
208,1,2,4,Unknown,Homeowner,4,5
1159,1,2,4,Yes,Homeowner,4,2
386,3,1,4,No,Probable Owner,3,3
1428,1,2,4,Unknown,Unknown,5,4
2184,3,1,4,Unknown,Unknown,2,5
2266,4,1,4,No,Homeowner,2,4
1074,2,4,2,Yes,Homeowner,4,4
817,2,3,1,Yes,Homeowner,3,9
1190,1,2,4,Unknown,Homeowner,2,4
460,3,1,4,No,Homeowner,6,3
1800,1,2,4,Yes,Homeowner,3,10
1234,1,2,4,No,Homeowner,4,4
2302,5,3,1,Yes,Homeowner,3,4
1927,6,1,4,Unknown,Unknown,1,1
392,2,3,1,Yes,Homeowner,3,12
1505,3,1,4,Unknown,Unknown,4,3
2007,2,3,1,Yes,Homeowner,4,5
715,1,2,4,Yes,Homeowner,5,2
306,2,4,2,Unknown,Homeowner,1,4
1264,4,1,4,Unknown,Unknown,4,2
1834,6,5+,3,Unknown,Homeowner,4,8
2030,3,1,4,No,Homeowner,3,6
696,1,2,4,Unknown,Homeowner,3,5
1762,2,5+,3,Yes,Homeowner,4,8
2280,2,3,1,Unknown,Homeowner,3,2
753,2,4,2,Yes,Homeowner,4,6
2221,4,1,4,No,Homeowner,6,4
2147,2,3,1,Yes,Homeowner,2,6
1923,3,1,4,No,Renter,1,4
290,1,2,4,Unknown,Unknown,2,4
2199,2,3,1,Unknown,Unknown,1,5
1045,4,2,4,Yes,Homeowner,2,1
1676,1,2,4,Unknown,Unknown,3,6
886,1,2,4,Yes,Homeowner,3,7
1263,4,1,4,No,Unknown,2,2
2330,6,1,4,Unknown,Homeowner,4,5
1222,3,1,4,Unknown,Homeowner,4,2
370,1,2,4,Unknown,Unknown,6,5
2343,4,1,4,Unknown,Unknown,1,5
304,1,2,4,Unknown,Unknown,2,5
2300,1,2,4,Unknown,Homeowner,4,5
256,1,2,4,Unknown,Homeowner,2,5
2390,3,2,4,Yes,Unknown,2,5
1914,3,1,4,No,Homeowner,5,6
1,1,2,4,Yes,Homeowner,6,4
903,4,1,4,Unknown,Unknown,3,4
718,2,5+,3,Yes,Homeowner,4,3
1003,3,1,4,Unknown,Unknown,3,3
1775,2,5+,3,Yes,Homeowner,4,6
800,1,2,4,Yes,Homeowner,2,4
235,2,5+,3,Yes,Homeowner,3,12
1091,1,2,4,Yes,Homeowner,4,6
98,5,2,1,Unknown,Unknown,3,4
1976,2,5+,3,Yes,Homeowner,2,5
1135,6,2,1,Unknown,Unknown,4,5
2432,3,1,4,Unknown,Unknown,1,4
1823,1,2,4,Yes,Homeowner,4,6
540,3,1,4,No,Homeowner,2,5
1299,2,4,2,Unknown,Renter,3,2
875,2,3,1,Unknown,Unknown,2,3
1186,5,5+,3,Yes,Homeowner,4,5
2070,6,1,4,Unknown,Unknown,4,5
1272,3,2,4,Yes,Homeowner,6,4
1509,1,2,4,Yes,Homeowner,4,5
158,6,1,4,Unknown,Homeowner,4,5
1169,1,2,4,Yes,Homeowner,1,2
831,5,3,2,No,Homeowner,4,5
1751,2,4,2,Yes,Renter,2,2
1364,3,1,4,No,Homeowner,6,7
2322,4,1,4,Unknown,Homeowner,4,10
2254,4,1,4,Unknown,Unknown,1,4
770,2,5+,3,Yes,Homeowner,2,5
1545,1,2,4,Yes,Homeowner,4,4
55,1,2,4,Yes,Homeowner,6,4
1955,4,1,4,Unknown,Unknown,2,4
1931,6,1,4,Unknown,Homeowner,4,5
1285,5,3,2,No,Renter,2,3
18,1,2,4,Yes,Homeowner,4,7
630,2,3,1,Yes,Homeowner,3,4
250,5,4,2,Yes,Homeowner,4,6
624,6,1,4,Unknown,Unknown,4,5
1326,4,1,4,Unknown,Homeowner,4,1
1740,3,1,4,Unknown,Unknown,1,12
165,1,2,4,Yes,Homeowner,5,4
707,2,5+,3,Yes,Homeowner,2,7
2234,1,2,4,Yes,Homeowner,6,1
456,1,2,4,No,Homeowner,1,5
1394,1,2,4,Yes,Homeowner,4,5
346,1,2,4,Yes,Homeowner,6,5
1388,2,3,1,Yes,Unknown,3,7
1260,4,1,4,Unknown,Homeowner,6,5
1785,2,5+,3,Yes,Homeowner,2,4
1018,2,5+,3,Yes,Homeowner,4,4
797,1,2,4,Unknown,Homeowner,2,6
1568,3,1,4,No,Homeowner,5,4
159,1,2,4,Unknown,Homeowner,4,1
2182,1,2,4,Yes,Homeowner,4,6
2193,1,2,4,Yes,Homeowner,2,5
1985,6,5+,3,Unknown,Unknown,2,5
741,2,3,1,Unknown,Homeowner,6,5
1709,2,3,1,Yes,Unknown,2,4
941,1,2,4,Yes,Unknown,1,11
671,3,1,4,Unknown,Homeowner,3,4
852,2,4,2,Unknown,Unknown,2,4
350,5,4,2,Yes,Homeowner,4,5
1174,2,5+,3,Unknown,Unknown,2,1
164,1,2,4,Unknown,Unknown,4,4
2086,1,2,4,Yes,Homeowner,4,3
1179,1,2,4,Yes,Homeowner,3,5
688,2,3,1,Yes,Homeowner,3,8
1814,1,2,4,Unknown,Homeowner,6,9
2445,6,1,4,Unknown,Unknown,4,4
1566,1,2,4,Unknown,Homeowner,3,6
2376,3,1,4,Unknown,Unknown,4,4
2467,2,3,1,Yes,Homeowner,3,6
2494,1,2,4,Unknown,Homeowner,3,5
319,5,4,3,Unknown,Homeowner,4,4
1270,3,1,4,Unknown,Unknown,4,2
2295,4,1,4,No,Renter,3,4
510,2,3,1,Yes,Homeowner,3,12
367,1,2,4,Yes,Homeowner,5,5
1549,6,1,4,Unknown,Homeowner,4,2
2013,3,1,4,Unknown,Unknown,1,3
607,6,1,4,Unknown,Unknown,4,8
25,6,1,4,Unknown,Unknown,3,5
1517,2,4,2,Yes,Homeowner,4,5
418,2,3,1,Unknown,Unknown,3,4
133,4,2,4,Yes,Homeowner,4,1
161,2,3,1,Yes,Unknown,1,6
1650,2,3,1,Yes,Homeowner,4,6
1041,4,1,4,Unknown,Unknown,2,4
934,3,1,4,Unknown,Unknown,4,1
2400,2,3,1,Yes,Homeowner,3,3
184,4,1,4,Unknown,Unknown,4,3
575,3,1,4,Unknown,Unknown,3,5
48,1,2,4,Unknown,Homeowner,1,4
725,3,1,4,Unknown,Unknown,4,3
85,4,1,4,Unknown,Unknown,2,4
385,2,5+,3,Yes,Homeowner,2,5
1138,1,2,4,Unknown,Unknown,3,2
1847,3,1,4,Unknown,Unknown,4,10
2446,1,2,4,Unknown,Homeowner,3,8
1653,3,1,4,No,Homeowner,3,1
2305,3,1,4,No,Homeowner,4,5
1631,5,4,3,No,Renter,1,1
2100,1,2,4,Yes,Homeowner,6,4
882,1,2,4,Unknown,Unknown,4,5
2292,2,5+,3,Yes,Renter,4,4
411,1,2,4,Unknown,Unknown,3,1
2405,3,1,4,Unknown,Unknown,2,2
387,3,1,4,No,Homeowner,2,5
1649,4,1,4,No,Homeowner,3,9
1402,4,1,4,Unknown,Unknown,5,2
2337,5,3,2,Unknown,Homeowner,6,1
2129,5,2,1,Unknown,Unknown,2,4
1128,2,3,1,Unknown,Unknown,2,6
216,6,1,4,Unknown,Homeowner,3,5
1662,1,2,4,Unknown,Homeowner,3,9
198,2,3,1,Yes,Homeowner,3,1
1791,1,2,4,No,Homeowner,4,7
1461,1,2,4,Unknown,Homeowner,3,3
2194,4,1,4,No,Homeowner,5,3
1778,1,2,4,Yes,Homeowner,2,4
2364,1,2,4,Yes,Renter,4,3
1146,5,4,3,No,Homeowner,3,4
2190,2,4,2,Yes,Homeowner,3,5
672,1,2,4,Unknown,Unknown,3,3
1753,6,1,4,Unknown,Homeowner,4,4
631,2,3,1,Yes,Homeowner,6,7
353,1,2,4,Yes,Homeowner,4,9
685,3,2,4,Yes,Unknown,3,1
39,1,2,4,Yes,Homeowner,3,8
853,3,1,4,No,Unknown,2,10
281,3,1,4,No,Homeowner,3,5
1438,3,1,4,Unknown,Unknown,4,1
2179,2,3,1,Yes,Homeowner,4,4
915,3,1,4,Unknown,Unknown,4,2
2351,1,2,4,Yes,Homeowner,4,6
17,1,2,4,No,Homeowner,6,1
1917,3,1,4,Unknown,Unknown,6,2
690,3,1,4,No,Homeowner,6,2
221,6,1,4,Unknown,Unknown,6,2
325,2,4,2,Yes,Homeowner,3,6
1648,3,1,4,Unknown,Probable Renter,3,2
2324,1,2,4,Yes,Homeowner,3,5
1412,2,3,1,Yes,Homeowner,4,5
432,3,1,4,Unknown,Unknown,1,3
2076,2,3,1,Yes,Homeowner,2,7
2097,2,5+,3,Yes,Homeowner,3,2
2004,6,1,4,Unknown,Unknown,4,5
993,5,5+,3,Yes,Homeowner,5,5
2342,6,1,4,Unknown,Homeowner,5,7
844,1,2,4,Yes,Homeowner,4,11
2012,4,2,4,Yes,Renter,4,3
1164,4,1,4,Unknown,Unknown,2,2
1419,3,1,4,Unknown,Unknown,3,4
2062,1,2,4,Unknown,Unknown,2,3
1841,1,2,4,No,Homeowner,4,4
2378,2,5+,3,Yes,Unknown,2,5
121,2,3,1,Unknown,Unknown,4,3
973,2,4,2,Yes,Homeowner,3,5
1990,2,5+,3,Yes,Homeowner,3,8
1764,2,4,2,Yes,Homeowner,4,6
1038,4,1,4,Unknown,Probable Renter,5,1
2041,1,2,4,No,Renter,3,4
1921,1,2,4,Yes,Homeowner,3,4
192,4,2,4,Yes,Homeowner,4,4
1833,5,5+,3,Unknown,Homeowner,2,3
786,1,2,4,Unknown,Homeowner,1,6
485,4,1,4,Unknown,Homeowner,3,3
606,6,1,4,Unknown,Probable Renter,4,4
614,2,4,2,Yes,Unknown,3,2
1556,1,2,4,Yes,Homeowner,4,4
1633,1,2,4,Yes,Homeowner,4,5
908,2,3,1,Yes,Probable Owner,4,7
1378,3,1,4,Unknown,Unknown,2,7
864,3,1,4,Unknown,Homeowner,3,2
2427,2,3,1,Yes,Homeowner,3,5
2294,2,4,2,No,Renter,4,3
2307,2,3,1,Yes,Homeowner,4,6
1845,2,3,1,Unknown,Unknown,4,10
1708,3,1,4,Unknown,Unknown,4,3
2318,3,1,4,Unknown,Unknown,1,1
377,1,2,4,Yes,Homeowner,4,5
593,4,1,4,Unknown,Unknown,3,4
1062,1,2,4,Unknown,Homeowner,6,2
1949,3,1,4,Unknown,Unknown,4,1
583,3,1,4,No,Unknown,3,2
2269,1,2,4,Yes,Homeowner,5,4
1829,3,2,4,Yes,Homeowner,6,6
859,3,1,4,Unknown,Unknown,2,5
1567,4,1,4,Unknown,Renter,4,2
1964,4,1,4,Unknown,Renter,6,1
1188,6,1,4,Unknown,Renter,4,4
276,4,1,4,Unknown,Unknown,3,4
802,1,2,4,Unknown,Homeowner,6,4
1131,2,3,1,No,Homeowner,4,5
1692,6,1,4,Unknown,Unknown,3,5
2312,1,2,4,Yes,Homeowner,4,12
784,3,2,4,Yes,Homeowner,4,7
1901,2,3,1,Unknown,Homeowner,4,4
390,3,1,4,No,Renter,4,3
609,6,1,4,Unknown,Unknown,4,5
1820,1,2,4,Yes,Homeowner,4,9
1524,1,2,4,Yes,Homeowner,4,4
1248,5,2,1,Unknown,Unknown,4,5
1928,2,3,1,No,Homeowner,3,6
354,2,5+,3,Yes,Homeowner,2,4
764,2,5+,3,Yes,Homeowner,3,5
454,4,1,4,Unknown,Unknown,5,4
67,2,5+,3,Yes,Homeowner,4,1
211,3,2,4,Yes,Homeowner,6,4
2317,2,5+,3,Yes,Homeowner,3,5
309,4,2,4,Yes,Homeowner,2,6
1012,6,5+,3,Yes,Unknown,3,4
105,5,3,2,No,Homeowner,2,1
670,2,3,1,Yes,Unknown,5,4
2110,1,2,4,Yes,Homeowner,3,8
949,1,2,4,Unknown,Homeowner,2,5
40,1,2,4,Unknown,Homeowner,4,1
1911,4,2,4,Yes,Unknown,3,5
1004,4,1,4,Unknown,Unknown,2,2
1001,6,1,4,Unknown,Homeowner,4,5
230,3,1,4,Unknown,Unknown,2,3
114,1,2,4,Unknown,Homeowner,2,4
1425,2,3,1,No,Unknown,1,5
1578,1,2,4,Unknown,Unknown,4,2
7,1,2,4,Yes,Homeowner,4,5
2134,3,1,4,Unknown,Unknown,3,4
1879,4,2,4,Yes,Unknown,6,4
1147,1,2,4,Unknown,Unknown,1,3
1175,3,2,4,Yes,Homeowner,2,5
42,4,1,4,Unknown,Unknown,6,5
1534,2,3,1,Yes,Renter,2,6
2085,1,2,4,Yes,Homeowner,3,4
2465,3,2,4,Yes,Homeowner,6,2
2186,3,1,4,Unknown,Unknown,3,3
595,2,3,1,Unknown,Unknown,2,4
1429,3,1,4,No,Renter,4,4
787,4,1,4,No,Homeowner,2,3
166,2,3,1,Yes,Homeowner,2,5
1354,1,2,4,No,Homeowner,6,2
939,1,2,4,Unknown,Homeowner,4,6
1015,6,1,4,Unknown,Homeowner,4,5
473,6,1,4,Unknown,Homeowner,4,5
766,1,2,4,Yes,Homeowner,4,9
2154,1,2,4,Yes,Homeowner,4,4
574,2,3,1,Yes,Homeowner,3,6
2233,4,1,4,No,Homeowner,2,9
2148,2,4,2,Yes,Homeowner,5,4
31,1,2,4,No,Homeowner,3,4
2208,5,3,2,Unknown,Unknown,3,5
493,6,1,4,Unknown,Unknown,5,5
578,4,1,4,Unknown,Unknown,2,5
389,3,1,4,Unknown,Probable Owner,3,9
1795,1,2,4,Unknown,Homeowner,4,3
1803,2,3,1,Yes,Homeowner,1,5
888,2,3,1,Unknown,Homeowner,2,9
1745,4,2,4,Yes,Unknown,4,1
2250,6,1,4,Unknown,Unknown,3,6
437,2,5+,3,Yes,Homeowner,2,5
2420,2,3,1,Unknown,Unknown,4,2
1759,2,5+,3,Unknown,Unknown,3,4
381,5,2,1,No,Homeowner,2,4
1982,4,1,4,Unknown,Unknown,2,7
1527,1,2,4,Yes,Homeowner,2,5
302,2,3,1,Unknown,Homeowner,4,4
788,5,2,1,Unknown,Unknown,2,1
588,2,5+,3,Yes,Homeowner,3,5
1166,2,3,1,Yes,Homeowner,4,8
8,2,3,1,Unknown,Unknown,2,3
86,4,1,4,No,Homeowner,6,4
2024,1,2,4,No,Homeowner,2,8
675,1,2,4,Unknown,Unknown,3,5
1357,1,2,4,Yes,Homeowner,5,3
947,4,1,4,No,Homeowner,6,4
1240,1,2,4,Unknown,Homeowner,4,1
1142,1,2,4,Yes,Homeowner,4,5
623,2,3,1,Yes,Homeowner,4,4
2181,2,3,1,Yes,Homeowner,5,7
900,1,2,4,Yes,Homeowner,3,4
2235,2,3,1,Unknown,Homeowner,4,10
491,3,2,4,Yes,Unknown,4,6
1069,1,2,4,Unknown,Unknown,2,4
1474,6,1,4,Unknown,Homeowner,3,5
1113,2,3,1,Yes,Homeowner,4,5
1066,1,2,4,Unknown,Unknown,3,3
1481,4,1,4,Unknown,Unknown,1,4
1367,2,3,1,Unknown,Homeowner,3,6
412,3,2,4,Yes,Homeowner,6,2
134,3,2,4,Yes,Homeowner,5,3
212,3,1,4,Unknown,Unknown,3,1
1258,6,1,4,Unknown,Homeowner,4,6
2088,3,1,4,Unknown,Unknown,2,4
2006,4,1,4,Unknown,Unknown,4,1
867,6,1,4,Unknown,Homeowner,4,6
1693,2,3,1,Yes,Homeowner,2,4
1499,1,2,4,Yes,Homeowner,5,2
1256,5,2,1,Unknown,Unknown,4,5
582,6,3,1,Yes,Homeowner,4,8
1484,1,2,4,Yes,Homeowner,1,4
155,2,3,1,No,Homeowner,3,5
2123,1,2,4,Unknown,Homeowner,4,6
2284,1,2,4,Yes,Homeowner,4,12
2119,4,1,4,Unknown,Homeowner,2,5
462,4,1,4,Unknown,Unknown,6,7
289,4,1,4,No,Homeowner,4,7
119,4,1,4,Unknown,Unknown,4,8
2298,3,2,4,Yes,Probable Renter,6,5
2361,1,2,4,Unknown,Unknown,2,4
1848,6,3,1,Yes,Homeowner,4,6
239,6,1,4,Unknown,Renter,4,5
1389,3,2,4,Yes,Homeowner,6,7
1268,2,4,2,Unknown,Homeowner,3,1
823,2,3,1,Yes,Homeowner,3,5
2252,2,4,2,Yes,Homeowner,4,5
1797,3,1,4,Unknown,Homeowner,6,1
863,6,1,4,Unknown,Unknown,4,2
1749,4,1,4,No,Homeowner,5,4
1160,3,1,4,Unknown,Homeowner,6,4
2094,1,2,4,Yes,Homeowner,4,5
1979,2,3,1,Unknown,Unknown,4,9
2435,5,5+,3,Unknown,Homeowner,4,5
879,1,2,4,No,Homeowner,3,5
929,5,2,1,No,Renter,4,3
1899,2,3,1,Yes,Homeowner,2,3
2243,1,2,4,Yes,Homeowner,4,5
1219,2,3,1,Yes,Homeowner,1,2
1609,2,5+,3,Yes,Homeowner,4,8
911,1,2,4,Yes,Homeowner,2,8
1720,6,1,4,Unknown,Unknown,4,5
1430,2,3,1,Yes,Homeowner,3,4
2496,6,3,1,Yes,Homeowner,4,6
334,1,2,4,Yes,Homeowner,4,1
243,1,2,4,Unknown,Homeowner,6,5
1178,3,1,4,Unknown,Unknown,4,2
647,2,4,2,Yes,Renter,3,5
1896,1,2,4,Yes,Homeowner,4,5
992,2,3,1,Yes,Homeowner,4,4
548,1,2,4,No,Homeowner,3,6
1937,1,2,4,Yes,Homeowner,4,5
968,5,2,1,No,Renter,3,4
413,6,1,4,Unknown,Unknown,4,7
2058,1,2,4,No,Homeowner,2,8
332,2,5+,3,Yes,Homeowner,3,8
1123,3,2,4,Yes,Unknown,5,2
622,3,1,4,Unknown,Unknown,3,2
926,1,2,4,Unknown,Homeowner,3,1
2486,4,1,4,No,Unknown,3,3
1218,2,4,2,Yes,Homeowner,4,4
1588,6,1,4,Unknown,Homeowner,3,5
596,5,3,1,Yes,Homeowner,4,2
1369,4,1,4,No,Probable Renter,2,1
1053,1,2,4,Yes,Homeowner,5,7
1919,5,5+,3,Yes,Homeowner,3,4
1172,4,1,4,No,Unknown,2,5
2489,1,2,4,Yes,Homeowner,3,5
1445,1,2,4,Yes,Homeowner,3,1
560,1,2,4,Unknown,Unknown,1,4
1488,3,2,4,Yes,Probable Owner,2,5
317,4,2,4,Yes,Homeowner,4,6
1722,1,2,4,Unknown,Unknown,4,2
1321,1,2,4,Unknown,Unknown,1,4
889,2,4,2,Yes,Homeowner,2,5
118,3,1,4,No,Homeowner,4,4
1291,4,2,4,Yes,Homeowner,5,4
1151,4,1,4,Unknown,Probable Renter,4,1
2133,1,2,4,Yes,Unknown,5,7
1816,2,5+,3,No,Renter,1,1
856,3,1,4,No,Homeowner,5,4
43,2,5+,3,No,Homeowner,3,2
708,2,4,2,Yes,Homeowner,3,7
1267,3,1,4,Unknown,Unknown,2,6
2374,1,2,4,Unknown,Homeowner,4,9
986,4,1,4,Unknown,Unknown,2,4
1595,4,1,4,Unknown,Homeowner,4,5
748,2,3,1,No,Homeowner,4,1
2370,1,2,4,Yes,Homeowner,2,1
2426,3,1,4,Unknown,Probable Renter,1,1
922,6,1,4,Unknown,Unknown,4,4
526,6,1,4,Unknown,Unknown,4,5
157,1,2,4,Unknown,Homeowner,1,2
1475,4,1,4,No,Homeowner,2,5
2018,6,1,4,Unknown,Unknown,4,5
1391,1,2,4,Yes,Homeowner,4,5
1929,4,1,4,No,Homeowner,3,3
97,3,1,4,Unknown,Unknown,4,6
955,3,1,4,Unknown,Unknown,1,1
1197,1,2,4,Yes,Homeowner,3,9
2393,4,1,4,Unknown,Homeowner,3,6
314,2,3,1,Unknown,Homeowner,4,6
714,2,3,1,Unknown,Unknown,5,2
1689,6,1,4,Unknown,Unknown,4,5
20,1,2,4,Yes,Renter,2,6
2064,3,1,4,Unknown,Unknown,1,5
2168,3,1,4,Unknown,Unknown,3,5
742,5,4,2,Yes,Renter,3,2
2359,1,2,4,Yes,Homeowner,4,3
2020,2,5+,3,Yes,Unknown,3,7
898,1,2,4,Yes,Homeowner,5,8
601,2,4,2,Yes,Homeowner,3,7
1962,1,2,4,Unknown,Unknown,6,3
2455,1,2,4,No,Homeowner,4,3
1020,1,2,4,Yes,Homeowner,4,3
868,1,2,4,Yes,Homeowner,6,4
1306,6,1,4,Unknown,Unknown,4,1
1236,2,3,1,Unknown,Unknown,3,5
1468,1,2,4,Yes,Homeowner,6,6
1229,1,2,4,Yes,Homeowner,5,9
2237,3,1,4,Unknown,Homeowner,4,5
1479,6,1,4,Unknown,Probable Renter,4,2
57,1,2,4,No,Homeowner,4,4
1081,1,2,4,Yes,Homeowner,5,6
1536,6,1,4,Unknown,Unknown,4,5
